
# Insertion of 3 randomly generated users.
INSERT INTO users (username, password, enabled, birthdate, display_name, first_name, last_name, role) VALUES ('TSSE', '$2a$10$Pr3hVPS2B2Ov1aYfZn/2w.1/53eMCTjmR5p89v5zGScThZ/.bkp2W', 1, '1970-01-01 00:00:00', 'M', 'John', 'Doe', 'ADMIN'), ('Serenity', '$2a$10$Pr3hVPS2B2Ov1aYfZn/2w.1/53eMCTjmR5p89v5zGScThZ/.bkp2W', 1, '1970-01-01 00:00:00', 'F', 'Jane', 'Doe', 'USER'), ('Mathew', '$2a$10$Pr3hVPS2B2Ov1aYfZn/2w.1/53eMCTjmR5p89v5zGScThZ/.bkp2W', 1, '1970-01-01 00:00:00', 'M', 'John', 'Doe', 'USER'), ('Vivian', '$2a$10$Pr3hVPS2B2Ov1aYfZn/2w.1/53eMCTjmR5p89v5zGScThZ/.bkp2W', 1, '1970-01-01 00:00:00', 'F', 'Jane', 'Doe', 'USER'), ('Jeremy', '$2a$10$Pr3hVPS2B2Ov1aYfZn/2w.1/53eMCTjmR5p89v5zGScThZ/.bkp2W', 1, '1970-01-01 00:00:00', 'M', 'John', 'Doe', 'USER'), ('Erika', '$2a$10$Pr3hVPS2B2Ov1aYfZn/2w.1/53eMCTjmR5p89v5zGScThZ/.bkp2W', 1, '1970-01-01 00:00:00', 'F', 'Jane', 'Doe', 'USER'), ('James', '$2a$10$Pr3hVPS2B2Ov1aYfZn/2w.1/53eMCTjmR5p89v5zGScThZ/.bkp2W', 1, '1970-01-01 00:00:00', 'M', 'John', 'Doe', 'USER'), ('Destiny', '$2a$10$Pr3hVPS2B2Ov1aYfZn/2w.1/53eMCTjmR5p89v5zGScThZ/.bkp2W', 1, '1970-01-01 00:00:00', 'F', 'Jane', 'Doe', 'USER'), ('Dylan', '$2a$10$Pr3hVPS2B2Ov1aYfZn/2w.1/53eMCTjmR5p89v5zGScThZ/.bkp2W', 1, '1970-01-01 00:00:00', 'M', 'John', 'Doe', 'USER'), ('Suzanne', '$2a$10$Pr3hVPS2B2Ov1aYfZn/2w.1/53eMCTjmR5p89v5zGScThZ/.bkp2W', 1, '1970-01-01 00:00:00', 'F', 'Jane', 'Doe', 'USER'), ('Florence', '$2a$10$Pr3hVPS2B2Ov1aYfZn/2w.1/53eMCTjmR5p89v5zGScThZ/.bkp2W', 1, '1970-01-01 00:00:00', 'F', 'Jane', 'Doe', 'USER'), ('Bob', '$2a$10$Pr3hVPS2B2Ov1aYfZn/2w.1/53eMCTjmR5p89v5zGScThZ/.bkp2W', 1, '1970-01-01 00:00:00', 'M', 'John', 'Doe', 'USER'), ('Clarence', '$2a$10$Pr3hVPS2B2Ov1aYfZn/2w.1/53eMCTjmR5p89v5zGScThZ/.bkp2W', 1, '1970-01-01 00:00:00', 'M', 'John', 'Doe', 'USER'), ('Gwendolyn', '$2a$10$Pr3hVPS2B2Ov1aYfZn/2w.1/53eMCTjmR5p89v5zGScThZ/.bkp2W', 1, '1970-01-01 00:00:00', 'F', 'Jane', 'Doe', 'USER'), ('Gloria', '$2a$10$Pr3hVPS2B2Ov1aYfZn/2w.1/53eMCTjmR5p89v5zGScThZ/.bkp2W', 1, '1970-01-01 00:00:00', 'F', 'Jane', 'Doe', 'USER'), ('Francis', '$2a$10$Pr3hVPS2B2Ov1aYfZn/2w.1/53eMCTjmR5p89v5zGScThZ/.bkp2W', 1, '1970-01-01 00:00:00', 'M', 'John', 'Doe', 'USER'), ('Joyce', '$2a$10$Pr3hVPS2B2Ov1aYfZn/2w.1/53eMCTjmR5p89v5zGScThZ/.bkp2W', 1, '1970-01-01 00:00:00', 'F', 'Jane', 'Doe', 'USER'), ('Richard', '$2a$10$Pr3hVPS2B2Ov1aYfZn/2w.1/53eMCTjmR5p89v5zGScThZ/.bkp2W', 1, '1970-01-01 00:00:00', 'M', 'John', 'Doe', 'USER'), ('Samantha', '$2a$10$Pr3hVPS2B2Ov1aYfZn/2w.1/53eMCTjmR5p89v5zGScThZ/.bkp2W', 1, '1970-01-01 00:00:00', 'F', 'Jane', 'Doe', 'USER'), ('Chester', '$2a$10$Pr3hVPS2B2Ov1aYfZn/2w.1/53eMCTjmR5p89v5zGScThZ/.bkp2W', 1, '1970-01-01 00:00:00', 'M', 'John', 'Doe', 'USER');

# Insertion of 10 different exercises.
INSERT INTO exercise (exercise_id, category, description, name) VALUES (1, 0, 'The squat is an excellent lower body workout that targets your thighs and hips but also works the hamstrings and lower back.', 'Back squat'), (2, 0, 'Deadlifts can be performed by anybody and are safe for everybody, however, only on the condition that one has good form; one is flexible enough to perform this great "hip extension"', 'Deadlift'), (3, 0, 'The Bench Press is a full body, compound exercise. It works your chest, shoulders and triceps most.', 'Bench press'), (4, 0, 'The Military Press is a shoulder exercise that focuses primarily on the deltoids, rear deltoids, and triceps. Since it is a compound exercise (meaning it uses multiple muscles), it is a great way to train your upper body.', 'Military press'), (5, 0, 'The incline positions your arms behind you, allowing you a greater range of motion than you''d get with a standard curl, says Martin Rooney, C.S.C.S., founder of Training for Warriors.', 'Dumbbell Incline Curl'), (6, 0, '“Dumbbells don’t lock in your arms like a barbell, so your stabilizing muscles work harder,” says Joe Dowdell, C.S.C.S., CEO of Peak Performance.', 'Neutral-Grip Dumbbell Bench Press'), (7, 0, '“This exercise trains your core for exactly what it''s designed to do: provide stability and transfer power across multiple planes of motion,” says Dowdell.', 'Half-Kneeling Rotational Cable Chop'), (8, 0, '“Holding the bell upside down builds shoulder stability,” says trainer Greg Robins, C.S.C.S., of Cressey Performance. And single-arm reps torch your core.', 'Half-Kneeling Single-Arm Bottom-Up Kettlebell Press'), (9, 0, '“This is the equal but opposite exercise to the bench press,” says Robins. “You’ll correct muscle imbalances while building incredible back strength.”', 'Dumbbell Chest-Supported Row'), (10, 0, 'While traditionally thought of as a chest exercise, this move also nails the triceps. “It allows for a greater load on the triceps than a press down,” says Robins. It’s also easier on the elbows.', 'Dumbbell Floor Press'), (11, 0, 'For the back', 'Bent-Over Barbell Row');

# Insertion of 4 workouts.
INSERT INTO workout (workout_id, name, description) VALUES (1, '5x5 Workout A', 'Workout A routine of 5x5'), (2, '5x5 Workout B', 'Workout B routine of 5x5'), (3, '20 Reps Routine', 'Normal Routine of 20 Reps'), (4, '20 Reps Short Routine', 'Short Routine of 20 Reps');

# Insertion of exercises in workouts.
INSERT INTO workout_exercises (workout_id, exercise_id) VALUES (1, 1), (1, 2), (1, 3), (2, 4), (2, 1), (2, 6), (3, 7), (3, 8), (3, 9), (4, 10), (4, 11);

# Insertion of 2 well-known schedules.
INSERT INTO schedule (id, name, description, amount_of_trainings_per_week) VALUES (1, 'Squat & milk challenge', 'High rep squats work wonders for building muscular bulk and strength, not just for the legs, but for the entire body.', 3), (2, '5x5', 'StrongLifts 5×5 is the simplest, most effective workout to build muscle, gain strength and get ripped.', 2);

# Insertion of workouts in schedules.
INSERT INTO schedule_workouts (schedule_id, workouts_workout_id) VALUES (1, 3), (1, 4), (2, 1), (2, 2);
